<?xml version="1.0" encoding="UTF-8"?>
<project-private xmlns="http://www.netbeans.org/ns/project-private/1">
    <editor-bookmarks xmlns="http://www.netbeans.org/ns/editor-bookmarks/2" lastBookmarkId="0"/>
    <open-files xmlns="http://www.netbeans.org/ns/projectui-open-files/2">
        <group>
            <file>file:/C:/Users/rinde/OneDrive/Documents/NetBeansProjects/shopify/src/shopify/Shopify.java</file>
            <file>file:/C:/Users/rinde/OneDrive/Documents/NetBeansProjects/shopify/src/shopify/Login.java</file>
            <file>file:/C:/Users/rinde/OneDrive/Documents/NetBeansProjects/shopify/src/shopify/LoginForm.java</file>
            <file>file:/C:/Users/rinde/OneDrive/Documents/NetBeansProjects/shopify/src/shopify/Register.java</file>
        </group>
    </open-files>
</project-private>
